,Periods,Trip_in_a_year
0,2018,10.666666666666666
1,2019,11.0
2,2020,10.0
3,2021,11.0
4,2022,10.666666666666666
